{
    "$schema": "https://schema.management.azure.com/schemas/2015-01-01/deploymentTemplate.json#",
    "contentVersion": "1.0.0.0",
    "parameters": {
        "storageCount": {
            "type": "int",
            "defaultValue": 3
        }
    },
    "variables": {},
    "resources": [
        {
            "type": "Microsoft.Storage/storageAccounts",
            "apiVersion": "2019-06-01",
            "name": "[concat('storage', uniqueString(resourceGroup().id), copyIndex('copystorage'))]",
            "location": "[resourceGroup().location]",
            "kind": "StorageV2",
            "sku": {
                "name": "Standard_LRS"
            },
            "copy": {
                "name": "copystorage",
                "count": "[parameters('storageCount')]"
            }
        },
        {
            "type": "Microsoft.DataFactory/factories",
            "apiVersion": "2018-06-01",
            "name": "dependent-datafactory",
            "location": "[resourceGroup().location]",
            "identity": {
                "type": "SystemAssigned"
            }
        }
    ],
    "outputs": {},
    "functions": []
}