{
    "$schema": "https://schema.management.azure.com/schemas/2015-01-01/deploymentTemplate.json#",
    "contentVersion": "1.0.0.0",
    "parameters": {
        "storageCount": {
            "type": "int",
            "defaultValue": 3
        }
    },
    "variables": {},
    "resources": [
        {
            "type": "Microsoft.Storage/storageAccounts",
            "apiVersion": "2019-06-01",
            "name": "[concat('storage', uniqueString(resourceGroup().id), copyIndex('copystorage', 1))]",
            "location": "[resourceGroup().location]",
            "kind": "StorageV2",
            "sku": {
                "name": "Standard_LRS"
            },
            "copy": {
                "name": "copystorage",
                "count": "[parameters('storageCount')]"
            }
        }
    ],
    "outputs": {
        "storageEndpoints": {
            "type": "array",
            "copy": {
                "count": "[parameters('storageCount')]",
                "input": "[reference(concat('storage', uniqueString(resourceGroup().id), copyIndex(1))).primaryEndpoints.blob]"
            }
        }
    },
    "functions": []
}