{
    "$schema": "https://schema.management.azure.com/schemas/2015-01-01/deploymentTemplate.json#",
    "contentVersion": "1.0.0.0",
    "parameters": {

    },
    "variables": {

    },
    "resources": [
        {
            "type": "Microsoft.Resources/deployments",
            "apiVersion": "2017-05-10",
            "name": "nestedTemplate",
            "properties": {
                "expressionEvaluationOptions": {
                    "scope": "inner"
                },
                "mode": "Incremental",
                "template": {
                    "$schema": "https://schema.management.azure.com/schemas/2019-04-01/deploymentTemplate.json#",
                    "contentVersion": "1.0.0.0",
                    "resources": [
                        {
                            "type": "Microsoft.Storage/storageAccounts",
                            "apiVersion": "2019-06-01",
                            "location": "[resourceGroup().location]",
                            "name": "[concat('storage',uniqueString(resourceGroup().id))]",
                            "sku": {
                                "name": "Standard_LRS"
                            },
                            "kind":"StorageV2"
                        }
                    ],
                    "outputs": {
                        "storageUri": {
                            "type": "string",
                            "value": "[reference(concat('storage',uniqueString(resourceGroup().id))).primaryEndpoints.blob]"
                        }
                    }
                }
            }
        }
    ],
    "outputs": {
        "storageUri": {
            "type": "string",
            "value": "[reference('nestedTemplate').outputs.storageUri.value]"
        }
    }
}