{
    "$schema": "https://schema.management.azure.com/schemas/2015-01-01/deploymentTemplate.json#",
    "contentVersion": "1.0.0.0",
    "parameters": {
        "templateUri": {
            "type": "string"
        },
        "templateSas": {
            "type": "securestring"
        }
    },
    "variables": {},
    "resources": [
        {
            "type": "Microsoft.Resources/deployments",
            "apiVersion": "2017-05-10",
            "name": "linkedTemplate",
            "properties": {
                "mode": "Incremental",
                "templateLink": {
                    "uri": "[concat(parameters('templateUri'),'?',parameters('templateSas'))]"
                }
            }
        }
    ],
    "outputs": {}
}