{
    "$schema": "https://schema.management.azure.com/schemas/2015-01-01/deploymentTemplate.json#",
    "contentVersion": "1.0.0.0",
    "parameters": {
        
    },
    "resources": [
        {
            "type": "Microsoft.Web/serverfarms",
            "apiVersion": "2018-02-01",
            "name": "[concat('appserviceplan-',uniqueString(resourceGroup().id))]",
            "location": "[resourceGroup().location]",
            "sku": {
                "name": "S1"
            }
        },
        {
            "type":"Microsoft.Web/sites",
            "apiVersion": "2018-02-01",
            "name": "[concat('appservice-',uniqueString(resourceGroup().id))]",
            "location": "[resourceGroup().location]",
            "dependsOn": [
                "[resourceId('Microsoft.Web/serverfarms', concat('appserviceplan-',uniqueString(resourceGroup().id)))]"
            ],
            "properties": {
                "serverFarmId": "[resourceId('Microsoft.Web/serverfarms', concat('appserviceplan-',uniqueString(resourceGroup().id)))]"
            }
        }
    ],
    "outputs": {

    }
}