{
    "$schema":"https://schema.management.azure.com/schemas/2015-01-01/deploymentTemplate.json#",
    "contentVersion": "1.0.0.0",
    "parameters": {
        "storageName": {
            "type": "string",
            "minLength": 3,
            "maxLength": 24
        },
        "storageSKU": {
            "type": "string",
            "allowedValues": [
                "Standard_LRS",
                "Standard_GRS",
                "Standard_RAGRS",
                "Standard_ZRS",
                "Premium_LRS",
                "Premium_ZRS",
                "Standard_GZRS",
                "Standard_RAGZRS"
            ]
        }
    },
    "resources": [
        {
            "type": "Microsoft.Storage/storageAccounts",
            "apiVersion": "2019-04-01",
            "name": "[parameters('storageName')]",
            "location": "northeurope",
            "sku": {
                "name": "[parameters('storageSKU')]"
            },
            "kind": "StorageV2"
        }
    ]
}