{
    "$schema": "https://schema.management.azure.com/schemas/2015-01-01/deploymentTemplate.json#",
    "contentVersion": "1.0.0.0",
    "parameters": {
        "storageAccountName": {
            "type": "string"
        }
    },
    "variables": {},
    "resources": [
        {
            "type": "Microsoft.Storage/storageAccounts",
            "apiVersion": "2019-06-01",
            "location": "[resourceGroup().location]",
            "name": "[parameters('storageAccountName')]",
            "sku": {
                "name": "Standard_LRS"
            },
            "resources": [
                {
                    "type": "blobServices/containers",
                    "apiVersion": "2019-06-01",
                    "name": "/default/input",
                    "dependsOn": [
                        "[parameters('storageAccountName')]"
                    ]
                }
            ]
        }
    ],
    "outputs": {},
    "functions": []
}