{
    "$schema": "https://schema.management.azure.com/schemas/2015-01-01/deploymentTemplate.json#",
    "contentVersion": "1.0.0.0",
    "resources": [
        
    ],
    "outputs": {
        "RG": {
            "value": "[resourceGroup().id]",
            "type": "string"
        },
        "uniqueStringRG": {
            "value": "[uniqueString(resourceGroup().id)]",
            "type": "string"
        },
        "Deployment": {
            "value": "[deployment().name]",
            "type": "string"
        },
        "uniqueStringDeployment": {
            "value": "[uniqueString(deployment().name)]",
            "type": "string"
        }
    }
}