{
    "$schema": "https://schema.management.azure.com/schemas/2015-01-01/deploymentTemplate.json#",
    "contentVersion": "1.0.0.0",
    "parameters": {
        "storageAccountName": {
            "type": "string",
            "minLength": 3,
            "maxLength": 24,
            "metadata": {
                "description": "Unique DNS name of your storage account."
            }
        },
        "storageAccountSKU": {
            "type": "string",
            "allowedValues": [
                "Standard_LRS",
                "Standard_GRS"
            ],
            "metadata": {
                "description": "Approved SKUs for deployment."
            }
        },
        "location": {
            "type": "string",
            "defaultValue": "[resourceGroup().location]",
            "metadata": {
                "description": "Region for deployment."
            }
        },
        "stage": {
            "type": "string",
            "defaultValue": "test",
            "allowedValues": [
                "test",
                "dev",
                "qa",
                "prod"
            ],
            "metadata": {
                "description": "Environment stage name for deployment."
            }
        }
    },
    "variables": { 
        "storageAccountName": "[concat( parameters('storageAccountName') , parameters('stage') )]"
    },
    "resources": [
        {
            "type": "Microsoft.Storage/storageAccounts",
            "apiVersion": "2019-04-01",
            "name": "[variables('storageAccountName')]",
            "location": "[parameters('location')]",
            "sku": {
                "name": "[parameters('storageAccountSKU')]"
            },
            "kind": "StorageV2"
        }
    ]
}