{
    "$schema": "https://schema.management.azure.com/schemas/2015-01-01/deploymentTemplate.json#",
    "contentVersion": "1.0.0.0",
    "parameters": {
        "storageAccountName": {
            "type": "string"
        }
    },
    "variables": {
        "storageAccountName": "[if(not(empty(parameters('storageAccountName'))), parameters('storageAccountName'), 'storage')]"
    },
    "resources": [
        {
            "condition": "[not(empty(parameters('storageAccountName')))]",
            "type": "Microsoft.Storage/storageAccounts",
            "apiVersion": "2019-06-01",
            "name": "[variables('storageAccountName')]",
            "location": "[resourceGroup().location]",
            "kind": "StorageV2",
            "sku": {
                "name": "Standard_LRS"
            }
        }
    ],
    "outputs": {},
    "functions": []
}