{
    "$schema": "https://schema.management.azure.com/schemas/2015-01-01/deploymentTemplate.json#",
    "contentVersion": "1.0.0.0",
    "parameters": {
        "storageAccountName": {
            "type": "string",
            "minLength": 3,
            "maxLength": 24,
            "metadata": {
                "description": "Unique DNS name of your storage account."
            }
        },
        "storageAccountSKU": {
            "type": "string",
            "allowedValues": [
                "Standard_LRS",
                "Standard_GRS"
            ],
            "defaultValue": "Standard_LRS",
            "metadata": {
                "description": "Approved SKUs for deployment."
            }
        }
    },
    "resources": [
        {
            "type": "Microsoft.Storage/storageAccounts",
            "apiVersion": "2019-04-01",
            "name": "[parameters('storageAccountName')]",
            "location": "[resourceGroup().location]",
            "sku": {
                "name": "[parameters('storageAccountSKU')]"
            },
            "kind": "StorageV2"
        }
    ]
}